{
  "model": "Clean Reference (oracle)",
  "n_files": 824,
  "metrics": {
    "PESQ": 4.643888473510742,
    "STOI": 0.9999999999999993,
    "CSIG": 5.0,
    "CBAK": 3.853778690344434,
    "COVL": 5.0,
    "SSNR": 35.0,
    "SI_SDR": 121.9339842007993
  }
}