{
  "noisy": {
    "model": "Noisy Baseline (no denoising)",
    "description": "Average metrics over all 824 test files. Use as floor for comparison.",
    "n_files": 824,
    "metrics": {
      "PESQ": 1.9706772097106118,
      "STOI": 0.9210125620780192,
      "CSIG": 4.06568351719145,
      "CBAK": 2.5883932167762334,
      "COVL": 3.0794776267750392,
      "SSNR": 1.5582027046391989,
      "SI_SDR": 8.445536125335353
    }
  },
  "spectral_ss": {
    "model": "Spectral Subtraction",
    "hyperparameters": {
      "frame_len": 0.025,
      "frame_shift": 0.01,
      "noise_frames": 20,
      "lambda_n": 0.95,
      "alpha": 1.5,
      "beta": 0.002
    },
    "n_files": 824,
    "metrics": {
      "PESQ": 2.039046907743204,
      "STOI": 0.9139541290845309,
      "CSIG": 4.213874317754383,
      "CBAK": 2.615193530096548,
      "COVL": 3.182370802066741,
      "SSNR": 4.595288605942321,
      "SI_SDR": -0.006543278230270264
    }
  },
  "geometric_ss": {
    "model": "Geometric Spectral Subtraction",
    "hyperparameters": {
      "frame_len": 0.025,
      "frame_shift": 0.01,
      "noise_frames": 20,
      "lambda_n": 0.95,
      "alpha": 1.0,
      "beta": 0.002,
      "gamma": 1.0
    },
    "n_files": 824,
    "metrics": {
      "PESQ": 1.9969701590468583,
      "STOI": 0.9118812845620583,
      "CSIG": 4.212714426821603,
      "CBAK": 2.5935568704726935,
      "COVL": 3.1608843298180065,
      "SSNR": 5.169712500362267,
      "SI_SDR": 3.06139678420225
    }
  },
  "clean_oracle": {
    "model": "Clean Reference (oracle)",
    "n_files": 824,
    "metrics": {
      "PESQ": 4.643888473510742,
      "STOI": 0.9999999999999993,
      "CSIG": 5.0,
      "CBAK": 3.853778690344434,
      "COVL": 5.0,
      "SSNR": 35.0,
      "SI_SDR": 121.9339842007993
    }
  }
}